Genome	Family	Number_genomes_hit	Max_ani	Max_prots	Max_prop
MZNE01000019.1||full_1	Myoviridae	2	73.03	1	0.030303030303030304
MZNF01000023.1||full_1	Myoviridae	2	73.03	1	0.030303030303030304
NARP01000024.1||full_1	Myoviridae	2	73.03	1	0.029411764705882353
NART01000016.1||full_1	Myoviridae	2	73.03	1	0.029411764705882353
LZGT01000079.1||full_1	Drexlerviridae	1	92.308	1	0.04
LZHD01000103.1||full_1	Myoviridae	1	76.101	1	0.02702702702702703
LZHE01000091.1||full_1	Myoviridae	1	76.101	1	0.02
LZHG01000033.1||full_1	Myoviridae	1	100.0	1	0.015151515151515152
LZGY01000118.1||full_1	Myoviridae	1	88.136	1	0.5
LZHB01000061.1||full_1	Myoviridae	1	76.101	1	0.025
NARV01000002.1||full_1	Podoviridae	1	79.67	1	0.013888888888888888
NARW01000003.1||full_1	Podoviridae	1	79.67	1	0.013888888888888888
NASC01000111.1||full_1	Myoviridae	1	75.105	1	0.14285714285714285
NARZ01000080.1||full_1	Podoviridae	1	79.67	1	0.014492753623188406
LZHP01000013.1||full_1	Myoviridae	4	100.0	1	0.024390243902439025
LZHR01000021.1||full_1	Myoviridae	2	100.0	1	0.021739130434782608
LZGJ01000021.1||full_1	Siphoviridae	1	100.0	1	0.011627906976744186
LZGJ01000021.1||full_1	Myoviridae	1	76.97	1	0.011627906976744186
VMHM01000015.1||full_1	Myoviridae	2	100.0	1	0.02127659574468085
LZHM01000053.1||full_1	Myoviridae	4	100.0	1	0.02631578947368421
LZHM01000086.1||full_1	Myoviridae	1	100.0	1	0.125
LZGP01000031.1||full_1	Siphoviridae	1	77.778	1	0.02702702702702703
LZGP01000031.1||full_1	Myoviridae	5	100.0	1	0.02702702702702703
LZGN01000022.1||full_1	Siphoviridae	2	95.122	1	0.02
NASU01000020.1||full_1	Myoviridae	4	100.0	1	0.02631578947368421
JXCX01000009.1||full_1	Siphoviridae	3	86.667	1	0.017543859649122806
ADZY03000319.1||full_1	Siphoviridae	2	92.31495833333334	24	0.6486486486486487
ADZY03000319.1||full_1	Podoviridae	1	93.38233333333334	3	0.08108108108108109
ADZY03000211.1||full_1	Siphoviridae	4	100.0	10	0.9090909090909091
ADZY03000211.1||full_1	Myoviridae	1	92.4245	2	0.18181818181818182
CH981488.1||full_1	Unclassified	1	97.39633333333333	3	0.75
CH981488.1||full_1	Siphoviridae	2	96.642	1	0.25
CH981474.1||full_1	Siphoviridae	3	100.0	1	0.02564102564102564
CH981474.1||full_1	Unclassified	1	91.4246	5	0.1282051282051282
CH981474.1||full_1	Podoviridae	1	88.467	3	0.07692307692307693
CH981435.1||full_1	Myoviridae	1	84.191	2	0.058823529411764705
CH981435.1||full_1	Siphoviridae	1	84.564	1	0.029411764705882353
CH981423.1||full_1	Myoviridae	1	91.59700000000001	2	0.16666666666666666
CH981423.1||full_1	Siphoviridae	2	96.21260000000001	5	0.4166666666666667
CH981405.1||full_1	Myoviridae	1	95.02214285714285	7	0.5
CH981405.1||full_1	Siphoviridae	3	96.3845	4	0.2857142857142857
CH981405.1||full_1	Unclassified	1	93.503625	8	0.5714285714285714
CH981386.1||full_1	Herelleviridae	1	90.741	1	0.025
CH981386.1||full_1	Siphoviridae	5	91.262	3	0.075
CH981386.1||full_1	Unclassified	1	93.258	1	0.025
CH981386.1||full_1	Podoviridae	1	98.707	2	0.05
CH981374.1||full_1	Myoviridae	1	89.20366666666666	3	0.125
CH981374.1||full_1	Siphoviridae	3	98.151375	10	0.4166666666666667
CH981374.1||full_1	Unclassified	1	90.62233333333333	3	0.125
CH981374.1||full_1	Podoviridae	1	94.53899999999999	2	0.08333333333333333
CH981373.1||full_1	Myoviridae	1	90.5385	4	0.041666666666666664
CH981373.1||full_1	Siphoviridae	5	98.3832	45	0.46875
CH981373.1||full_1	Unclassified	1	89.58066666666667	6	0.0625
CH981373.1||full_1	Podoviridae	1	90.08166666666666	3	0.03125
ADFW01000003.1||full_1	Siphoviridae	3	100.0	1	0.029411764705882353
ADFW01000003.1||full_1	Unclassified	1	91.4246	5	0.14705882352941177
ADFW01000003.1||full_1	Podoviridae	1	88.467	3	0.08823529411764706
ADFW01000003.1||full_2	Myoviridae	1	88.33266666666667	3	0.25
ADFW01000003.1||full_2	Siphoviridae	3	99.14236363636364	11	0.9166666666666666
ADFW01000003.1||full_2	Unclassified	1	89.411	3	0.25
ADFW01000003.1||full_2	Podoviridae	1	81.5865	2	0.16666666666666666
CP019719.1||full_1	Myoviridae	1	100.0	56	0.9333333333333333
CP019719.1||full_1	Siphoviridae	3	90.8064	15	0.25
CP019719.1||full_1	Unclassified	1	87.4264375	32	0.5333333333333333
CP019719.1||full_1	Podoviridae	1	92.27250000000001	2	0.03333333333333333
LAWY01000007.1||full_1	Herelleviridae	1	90.741	1	0.013333333333333334
LAWY01000007.1||full_1	Myoviridae	2	95.094	6	0.08
LAWY01000007.1||full_1	Siphoviridae	5	91.41325	6	0.08
LAWY01000007.1||full_1	Unclassified	1	89.00725	4	0.05333333333333334
LAWY01000007.1||full_1	Podoviridae	1	90.4445	6	0.08
LAWY01000015.1||full_1	Siphoviridae	1	84.564	1	0.03571428571428571
LAWY01000021.1||full_1	Siphoviridae	3	100.0	1	0.02564102564102564
LAWY01000021.1||full_1	Unclassified	1	91.4246	5	0.1282051282051282
LAWY01000021.1||full_1	Podoviridae	1	88.467	3	0.07692307692307693
LAWY01000036.1||full_1	Myoviridae	1	88.271	1	0.019230769230769232
LAWY01000036.1||full_1	Siphoviridae	5	96.95400000000001	16	0.3076923076923077
LAWY01000036.1||full_1	Unclassified	1	87.935	3	0.057692307692307696
LAWY01000036.1||full_1	Podoviridae	1	85.1225	2	0.038461538461538464
LAWY01000041.1||full_1	Siphoviridae	2	97.297	21	0.75
LAWY01000041.1||full_1	Podoviridae	1	93.617	1	0.03571428571428571
LAWY01000049.1||full_1	Siphoviridae	4	99.72974193548387	31	0.5961538461538461
LAWY01000049.1||full_1	Myoviridae	1	89.034	1	0.019230769230769232
LAWY01000049.1||full_1	Unclassified	1	89.771	4	0.07692307692307693
LAWY01000049.1||full_1	Podoviridae	1	96.21424999999999	4	0.07692307692307693
MDVB01000053.1||full_1	Myoviridae	1	96.875	1	0.025
MDVC01000057.1||full_1	Myoviridae	1	96.875	1	0.037037037037037035
MDVD01000057.1||full_1	Myoviridae	1	96.875	1	0.025
NAGW01000079.1||full_1	Siphoviridae	1	97.059	1	0.018867924528301886
MVDP01000053.1||full_1	Siphoviridae	1	97.059	1	0.018867924528301886
MEIS01000054.1||full_1	Myoviridae	1	96.875	1	0.027777777777777776
MEIR01000077.1||full_1	Myoviridae	1	96.875	1	0.02631578947368421
QGLH01000003.1||0_partial_1	Siphoviridae	2	91.304	35	0.5072463768115942
QGLJ01000007.1||0_partial_1	Siphoviridae	2	85.378	6	0.11764705882352941
WKKW01000001.1||0_partial_1	Siphoviridae	1	86.69953333333333	15	0.29411764705882354
VMHJ01000002.1||0_partial_1	Siphoviridae	7	97.778	7	0.12962962962962962
JDUF01000005.1||0_partial_1	Siphoviridae	1	80.738	1	0.043478260869565216
CP007287.1||0_partial_1	Siphoviridae	1	80.788	1	0.030303030303030304
U00096.3||0_partial_1	Siphoviridae	7	95.26	7	0.3333333333333333
U00096.3||0_partial_1	Myoviridae	1	94.118	1	0.047619047619047616
U00096.3||0_partial_1	Podoviridae	2	86.885	1	0.047619047619047616
U00096.3||1_partial_1	Siphoviridae	6	93.59	4	0.19047619047619047
U00096.3||1_partial_1	Podoviridae	2	92.1215	2	0.09523809523809523
U00096.3||1_partial_1	Myoviridae	1	93.36883333333333	6	0.2857142857142857
U00096.3||2_partial_1	Myoviridae	6	99.33333333333333	7	0.35
U00096.3||2_partial_1	Siphoviridae	1	94.02866666666667	3	0.15
U00096.3||3_partial_1	Myoviridae	5	98.361	1	0.03225806451612903
U00096.3||3_partial_1	Siphoviridae	5	90.90633333333334	7	0.22580645161290322
U00096.3||3_partial_1	Podoviridae	1	83.958	1	0.03225806451612903
U00096.3||4_partial_1	Myoviridae	3	98.246	8	0.42105263157894735
U00096.3||4_partial_1	Siphoviridae	1	96.55183333333333	6	0.3157894736842105
U00096.3||4_partial_1	Podoviridae	2	97.353	3	0.15789473684210525
CP014225.1||0_partial_1	Siphoviridae	7	95.26	7	0.3333333333333333
CP014225.1||0_partial_1	Myoviridae	1	94.118	1	0.047619047619047616
CP014225.1||0_partial_1	Podoviridae	2	86.885	1	0.047619047619047616
CP014225.1||1_partial_1	Siphoviridae	6	93.59	4	0.19047619047619047
CP014225.1||1_partial_1	Podoviridae	2	92.1215	2	0.09523809523809523
CP014225.1||1_partial_1	Myoviridae	1	93.36883333333333	6	0.2857142857142857
CP014225.1||2_partial_1	Myoviridae	5	99.33333333333333	7	0.3888888888888889
CP014225.1||2_partial_1	Siphoviridae	1	94.02866666666667	3	0.16666666666666666
CP014225.1||3_partial_1	Myoviridae	5	98.361	1	0.03225806451612903
CP014225.1||3_partial_1	Siphoviridae	5	90.90633333333334	7	0.22580645161290322
CP014225.1||3_partial_1	Podoviridae	1	83.958	1	0.03225806451612903
CP014225.1||4_partial_1	Myoviridae	3	98.246	8	0.42105263157894735
CP014225.1||4_partial_1	Siphoviridae	1	96.55183333333333	6	0.3157894736842105
CP014225.1||4_partial_1	Podoviridae	2	97.353	3	0.15789473684210525
CP014348.1||0_partial_1	Siphoviridae	7	94.87236363636363	11	0.3333333333333333
CP014348.1||0_partial_1	Podoviridae	3	87.259	1	0.030303030303030304
CP014348.1||0_partial_1	Myoviridae	2	94.118	1	0.030303030303030304
CP014348.1||1_partial_1	Siphoviridae	7	93.59	5	0.18518518518518517
CP014348.1||1_partial_1	Podoviridae	2	92.1215	2	0.07407407407407407
CP014348.1||1_partial_1	Myoviridae	1	94.64018181818182	11	0.4074074074074074
CP014348.1||2_partial_1	Myoviridae	6	98.42033333333333	7	0.4375
CP014348.1||2_partial_1	Siphoviridae	1	94.02866666666667	3	0.1875
CP014348.1||3_partial_1	Myoviridae	5	98.361	1	0.034482758620689655
CP014348.1||3_partial_1	Siphoviridae	5	90.90633333333334	6	0.20689655172413793
CP014348.1||3_partial_1	Podoviridae	1	83.958	1	0.034482758620689655
CP014348.1||4_partial_1	Myoviridae	3	98.246	8	0.42105263157894735
CP014348.1||4_partial_1	Siphoviridae	1	96.55183333333333	6	0.3157894736842105
CP014348.1||4_partial_1	Podoviridae	2	97.3535	2	0.10526315789473684
CP025268.1||0_partial_1	Siphoviridae	7	95.259	7	0.3333333333333333
CP025268.1||0_partial_1	Myoviridae	1	94.118	1	0.047619047619047616
CP025268.1||0_partial_1	Podoviridae	2	86.885	1	0.047619047619047616
CP025268.1||1_partial_1	Siphoviridae	6	93.59	4	0.19047619047619047
CP025268.1||1_partial_1	Podoviridae	2	92.1215	2	0.09523809523809523
CP025268.1||1_partial_1	Myoviridae	1	93.36883333333333	6	0.2857142857142857
CP025268.1||2_partial_1	Myoviridae	6	97.02528571428572	7	0.35
CP025268.1||2_partial_1	Siphoviridae	1	94.032	3	0.15
CP025268.1||3_partial_1	Myoviridae	5	98.361	1	0.03225806451612903
CP025268.1||3_partial_1	Siphoviridae	5	90.90766666666667	7	0.22580645161290322
CP025268.1||3_partial_1	Podoviridae	1	83.958	1	0.03225806451612903
CP025268.1||4_partial_1	Myoviridae	3	98.246	8	0.36363636363636365
CP025268.1||4_partial_1	Siphoviridae	1	96.55183333333333	6	0.2727272727272727
CP025268.1||4_partial_1	Podoviridae	2	97.353	4	0.18181818181818182
CP025268.1||5_partial_1	Siphoviridae	6	100.0	9	0.5
CP025268.1||5_partial_1	Myoviridae	2	90.678	1	0.05555555555555555
CP025268.1||5_partial_1	Podoviridae	3	100.0	3	0.16666666666666666
CP012868.1||0_partial_1	Siphoviridae	7	94.87236363636363	11	0.36666666666666664
CP012868.1||0_partial_1	Podoviridae	3	87.259	1	0.03333333333333333
CP012868.1||0_partial_1	Myoviridae	2	94.118	1	0.03333333333333333
CP012868.1||1_partial_1	Siphoviridae	7	93.59	5	0.18518518518518517
CP012868.1||1_partial_1	Podoviridae	2	92.1215	2	0.07407407407407407
CP012868.1||1_partial_1	Myoviridae	1	94.64018181818182	11	0.4074074074074074
CP012868.1||2_partial_1	Myoviridae	6	99.33333333333333	7	0.4375
CP012868.1||2_partial_1	Siphoviridae	1	94.02866666666667	3	0.1875
CP012868.1||3_partial_1	Myoviridae	5	98.361	1	0.034482758620689655
CP012868.1||3_partial_1	Siphoviridae	5	90.90633333333334	6	0.20689655172413793
CP012868.1||3_partial_1	Podoviridae	1	83.958	1	0.034482758620689655
CP012868.1||4_partial_1	Myoviridae	3	98.246	8	0.42105263157894735
CP012868.1||4_partial_1	Siphoviridae	1	96.55183333333333	6	0.3157894736842105
CP012868.1||4_partial_1	Podoviridae	2	97.3535	2	0.10526315789473684
LZGS01000035.1||0_partial_1	Myoviridae	4	93.333	1	0.07692307692307693
QGLP01000005.1||1_partial_1	Myoviridae	4	100.0	1	0.02564102564102564
QGLR01000009.1||0_partial_1	Myoviridae	4	100.0	1	0.02631578947368421
NARN01000002.1||0_partial_1	Podoviridae	1	79.67	1	0.013888888888888888
VMHL01000001.1||0_partial_1	Myoviridae	2	88.889	1	0.006211180124223602
VMHL01000001.1||0_partial_1	Siphoviridae	1	80.519	1	0.006211180124223602
CP007445.1||0_partial_1	Myoviridae	1	75.527	1	0.04
LZGK01000011.1||0_partial_1	Siphoviridae	1	77.0	1	0.013513513513513514
QGLN01000004.1||0_partial_1	Myoviridae	4	100.0	1	0.02564102564102564
NASS01000005.1||0_partial_1	Myoviridae	4	100.0	1	0.03225806451612903
LZGH01000009.1||0_partial_1	Myoviridae	4	96.875	1	0.024390243902439025
KQ440388.1||0_partial_1	Siphoviridae	1	92.537	1	0.0136986301369863
CP012920.1||0_partial_1	Siphoviridae	1	92.537	1	0.013513513513513514
VCSE01000002.1||0_partial_1	Siphoviridae	1	91.045	1	0.01818181818181818
VCSE01000002.1||0_partial_1	Herelleviridae	1	93.103	1	0.01818181818181818
JAAEDX010000001.1||0_partial_1	Siphoviridae	3	100.0	1	0.019230769230769232
QGLG01000002.1||1_partial_1	Myoviridae	1	72.429	1	0.019230769230769232
CP054657.1||0_partial_1	Siphoviridae	3	92.538	11	0.18032786885245902
CP035790.1||0_partial_1	Siphoviridae	1	100.0	56	0.9032258064516129
CP035790.1||3_partial_1	Siphoviridae	1	95.30066666666667	9	0.6428571428571429
CP029613.1||0_partial_1	Siphoviridae	1	97.494	1	0.008333333333333333
CP051129.1||0_partial_1	Siphoviridae	2	90.02625	4	0.07407407407407407
CP051129.1||0_partial_2	Siphoviridae	1	89.145	2	0.034482758620689655
CP000705.1||0_partial_1	Siphoviridae	3	97.60895454545455	22	0.3793103448275862
CP000705.1||1_partial_1	Siphoviridae	1	100.0	56	0.875
CP011024.1||0_partial_1	Siphoviridae	3	97.60895454545455	22	0.3793103448275862
AP007281.1||0_partial_1	Siphoviridae	3	97.22417391304347	23	0.38333333333333336
AP007281.1||1_partial_1	Siphoviridae	1	100.0	56	0.8888888888888888
CP041676.1||0_partial_1	Siphoviridae	2	93.023	6	0.09375
CP041676.1||1_partial_1	Siphoviridae	2	100.0	6	0.125
CP002844.1||1_partial_1	Siphoviridae	2	93.2835	2	0.03389830508474576
CP029615.1||1_partial_1	Siphoviridae	1	90.476	1	0.02702702702702703
CP006603.1||0_partial_1	Siphoviridae	1	91.65125	4	0.05555555555555555
CP030089.1||2_partial_1	Siphoviridae	3	100.0	4	0.07407407407407407
CP045049.1||0_partial_1	Siphoviridae	1	95.71054545454545	11	0.1746031746031746
JSAY01000004.1||0_partial_1	Siphoviridae	2	84.106	1	0.016666666666666666
JSBA01000002.1||0_partial_1	Siphoviridae	2	84.106	1	0.015625
JSBE01000003.1||0_partial_1	Siphoviridae	2	84.106	1	0.016666666666666666
JSAV01000004.1||0_partial_1	Siphoviridae	2	84.106	1	0.016666666666666666
JSAX01000003.1||0_partial_1	Siphoviridae	2	84.106	1	0.016666666666666666
JSAW01000002.1||0_partial_1	Siphoviridae	2	84.106	1	0.015625
AP021885.1||0_partial_1	Siphoviridae	2	84.106	1	0.015384615384615385
AP018526.1||0_partial_1	Siphoviridae	2	84.106	1	0.015384615384615385
JSBC01000003.1||0_partial_1	Siphoviridae	2	84.106	1	0.016666666666666666
JSBD01000005.1||0_partial_1	Siphoviridae	2	84.106	1	0.016666666666666666
CP006683.1||0_partial_1	Siphoviridae	2	84.106	1	0.015625
CP019794.1||0_partial_1	Siphoviridae	3	96.164	64	0.6808510638297872
CP019794.1||0_partial_1	Unclassified	1	96.739	1	0.010638297872340425
CP019794.1||0_partial_1	Podoviridae	1	87.4715	2	0.02127659574468085
CP019794.1||1_partial_1	Siphoviridae	4	91.55627777777778	18	0.2
CP019794.1||1_partial_1	Myoviridae	1	89.46708333333333	12	0.13333333333333333
CP019794.1||1_partial_1	Unclassified	1	89.96322222222223	9	0.1
CP019794.1||1_partial_1	Podoviridae	1	88.35249999999999	2	0.022222222222222223
CP019794.1||2_partial_1	Myoviridae	1	88.83982352941176	34	0.44155844155844154
CP019794.1||2_partial_1	Siphoviridae	3	91.84133333333334	16	0.2077922077922078
CP019794.1||2_partial_1	Unclassified	1	93.31323529411765	51	0.6623376623376623
CP019794.1||2_partial_1	Podoviridae	1	88.12	1	0.012987012987012988
CP019794.1||3_partial_1	Myoviridae	1	91.03399999999999	2	0.03333333333333333
CP019794.1||3_partial_1	Siphoviridae	3	94.37485714285714	21	0.35
CP019794.1||3_partial_1	Unclassified	1	87.51275	4	0.06666666666666667
CP019794.1||3_partial_1	Podoviridae	1	88.191	1	0.016666666666666666
CP019794.1||4_partial_1	Siphoviridae	4	93.15433333333333	3	0.08823529411764706
CP019794.1||4_partial_1	Myoviridae	1	93.1084	5	0.14705882352941177
CP019794.1||4_partial_1	Unclassified	1	90.18933333333334	3	0.08823529411764706
CP019794.1||4_partial_1	Podoviridae	1	86.747	1	0.029411764705882353
CP019687.1||0_partial_1	Myoviridae	1	88.50800000000001	4	0.043010752688172046
CP019687.1||0_partial_1	Siphoviridae	4	99.7174406779661	59	0.6344086021505376
CP019687.1||0_partial_1	Unclassified	1	89.61671428571428	7	0.07526881720430108
CP019687.1||0_partial_1	Podoviridae	1	91.33833333333334	6	0.06451612903225806
CP019687.1||1_partial_1	Herelleviridae	1	90.741	1	0.0125
CP019687.1||1_partial_1	Siphoviridae	5	91.41325	6	0.075
CP019687.1||1_partial_1	Myoviridae	2	95.094	6	0.075
CP019687.1||1_partial_1	Unclassified	1	87.48899999999999	5	0.0625
CP019687.1||1_partial_1	Podoviridae	1	90.4445	6	0.075
CP019687.1||2_partial_1	Siphoviridae	4	98.32452380952381	21	0.27631578947368424
CP019687.1||2_partial_1	Myoviridae	1	89.20366666666666	3	0.039473684210526314
CP019687.1||2_partial_1	Unclassified	1	91.12375	8	0.10526315789473684
CP019687.1||2_partial_1	Podoviridae	1	90.9686	5	0.06578947368421052
CP019687.1||3_partial_1	Siphoviridae	4	97.297	53	0.6091954022988506
CP019687.1||3_partial_1	Podoviridae	1	93.0515	4	0.04597701149425287
CP019687.1||4_partial_1	Siphoviridae	5	96.95400000000001	16	0.3137254901960784
CP019687.1||4_partial_1	Myoviridae	1	88.271	1	0.0196078431372549
CP019687.1||4_partial_1	Unclassified	1	87.935	3	0.058823529411764705
CP019687.1||4_partial_1	Podoviridae	1	85.1225	2	0.0392156862745098
CP019687.1||5_partial_1	Myoviridae	1	84.23400000000001	2	0.05263157894736842
CP019687.1||5_partial_1	Siphoviridae	1	84.564	1	0.02631578947368421
CH981398.1||0_partial_1	Myoviridae	1	88.7235	4	0.17391304347826086
CH981398.1||0_partial_1	Siphoviridae	3	91.78450000000001	4	0.17391304347826086
CH981398.1||0_partial_1	Unclassified	1	87.2465	4	0.17391304347826086
CH981398.1||0_partial_1	Podoviridae	1	87.809	1	0.043478260869565216
CP020327.1||0_partial_1	Myoviridae	1	88.93124324324324	37	0.25
CP020327.1||0_partial_1	Siphoviridae	3	91.68477777777778	22	0.14864864864864866
CP020327.1||0_partial_1	Unclassified	1	93.01509803921569	51	0.34459459459459457
CP020327.1||0_partial_1	Podoviridae	1	90.01966666666667	3	0.02027027027027027
CP020327.1||0_partial_2	Myoviridae	1	91.03399999999999	2	0.03389830508474576
CP020327.1||0_partial_2	Siphoviridae	3	93.486	21	0.3559322033898305
CP020327.1||0_partial_2	Unclassified	1	87.51275	4	0.06779661016949153
CP020327.1||0_partial_2	Podoviridae	1	88.191	1	0.01694915254237288
CP020327.1||1_partial_1	Siphoviridae	4	88.90216666666666	6	0.075
CP020327.1||1_partial_1	Myoviridae	1	92.285	3	0.0375
CP020327.1||1_partial_1	Unclassified	1	90.5196	5	0.0625
CP020327.1||1_partial_1	Podoviridae	1	94.86880000000001	5	0.0625
CP020327.1||2_partial_1	Siphoviridae	3	96.244	59	0.6941176470588235
CP020327.1||2_partial_1	Unclassified	1	96.739	1	0.011764705882352941
CP020327.1||2_partial_1	Podoviridae	1	87.6035	2	0.023529411764705882
CP020327.1||3_partial_1	Siphoviridae	4	91.083	2	0.0625
CP020327.1||3_partial_1	Myoviridae	1	93.1084	5	0.15625
CP020327.1||3_partial_1	Unclassified	1	92.023	2	0.0625
CP020327.1||3_partial_1	Podoviridae	1	86.747	1	0.03125
CP020327.1||4_partial_1	Siphoviridae	4	95.46814285714285	7	0.3333333333333333
CP020327.1||4_partial_1	Myoviridae	1	88.66075000000001	4	0.19047619047619047
CP020327.1||4_partial_1	Unclassified	1	89.09400000000001	3	0.14285714285714285
CP020327.1||4_partial_1	Podoviridae	1	87.85	1	0.047619047619047616
CP003355.1||0_partial_1	Siphoviridae	2	89.57225	57	0.6129032258064516
CP003355.1||0_partial_1	Podoviridae	1	93.84333333333333	3	0.03225806451612903
CP003355.1||1_partial_1	Herelleviridae	1	90.741	1	0.020833333333333332
CP003355.1||1_partial_1	Siphoviridae	5	97.795	4	0.08333333333333333
CP003355.1||1_partial_1	Unclassified	1	95.506	1	0.020833333333333332
CP003355.1||1_partial_1	Podoviridae	1	98.707	2	0.041666666666666664
CP003355.1||2_partial_1	Siphoviridae	4	94.8364	5	0.1282051282051282
CP003355.1||2_partial_1	Myoviridae	2	95.5995	6	0.15384615384615385
CP003355.1||2_partial_1	Unclassified	1	86.4355	4	0.10256410256410256
CP003355.1||2_partial_1	Podoviridae	1	92.4145	4	0.10256410256410256
CP003355.1||3_partial_1	Myoviridae	1	88.56075	4	0.26666666666666666
CP003355.1||3_partial_1	Siphoviridae	3	94.491	3	0.2
CP003355.1||3_partial_1	Unclassified	1	88.819	3	0.2
CP003355.1||3_partial_1	Podoviridae	1	87.015	1	0.06666666666666667
CP019652.1||0_partial_1	Siphoviridae	2	89.57225	57	0.6
CP019652.1||0_partial_1	Podoviridae	1	93.84333333333333	3	0.031578947368421054
CP019652.1||1_partial_1	Herelleviridae	1	90.741	1	0.02040816326530612
CP019652.1||1_partial_1	Siphoviridae	5	97.795	4	0.08163265306122448
CP019652.1||1_partial_1	Unclassified	1	95.506	1	0.02040816326530612
CP019652.1||1_partial_1	Podoviridae	1	98.707	2	0.04081632653061224
CP019652.1||2_partial_1	Siphoviridae	4	94.8364	5	0.1282051282051282
CP019652.1||2_partial_1	Myoviridae	2	95.5995	6	0.15384615384615385
CP019652.1||2_partial_1	Unclassified	1	86.4355	4	0.10256410256410256
CP019652.1||2_partial_1	Podoviridae	1	92.4145	4	0.10256410256410256
CP019652.1||3_partial_1	Myoviridae	1	88.56075	4	0.26666666666666666
CP019652.1||3_partial_1	Siphoviridae	3	94.491	3	0.2
CP019652.1||3_partial_1	Unclassified	1	88.819	3	0.2
CP019652.1||3_partial_1	Podoviridae	1	87.015	1	0.06666666666666667
ADFW01000001.1||0_partial_1	Myoviridae	1	90.04313559322034	59	0.2114695340501792
ADFW01000001.1||0_partial_1	Siphoviridae	4	98.40471428571429	70	0.25089605734767023
ADFW01000001.1||0_partial_1	Unclassified	1	89.00930985915492	71	0.25448028673835127
ADFW01000001.1||0_partial_1	Podoviridae	1	91.0505	10	0.035842293906810034
ADFW01000001.1||1_partial_1	Myoviridae	1	89.481	1	0.006329113924050633
ADFW01000001.1||1_partial_1	Siphoviridae	5	99.5926551724138	52	0.3291139240506329
ADFW01000001.1||1_partial_1	Unclassified	1	90.51125	8	0.05063291139240506
ADFW01000001.1||1_partial_1	Podoviridae	1	91.67750000000001	10	0.06329113924050633
ADFW01000001.1||2_partial_1	Siphoviridae	2	95.748	69	0.7931034482758621
ADFW01000001.1||2_partial_1	Unclassified	1	88.312	1	0.011494252873563218
ADFW01000001.1||2_partial_1	Podoviridae	1	90.25333333333333	3	0.034482758620689655
ADFW01000001.1||3_partial_1	Myoviridae	1	87.1875	2	0.03333333333333333
ADFW01000001.1||3_partial_1	Siphoviridae	4	99.34221951219513	41	0.6833333333333333
ADFW01000001.1||3_partial_1	Unclassified	1	90.95	6	0.1
ADFW01000001.1||3_partial_1	Podoviridae	1	85.736	1	0.016666666666666666
ADFW01000001.1||4_partial_1	Herelleviridae	1	90.741	1	0.008
ADFW01000001.1||4_partial_1	Siphoviridae	5	95.17324	25	0.2
ADFW01000001.1||4_partial_1	Myoviridae	2	92.05961111111111	18	0.144
ADFW01000001.1||4_partial_1	Unclassified	1	89.3135652173913	23	0.184
ADFW01000001.1||4_partial_1	Podoviridae	1	90.4445	6	0.048
ADFW01000001.1||5_partial_1	Siphoviridae	5	98.43361538461538	26	0.6190476190476191
ADFW01000001.1||5_partial_1	Myoviridae	1	92.414	3	0.07142857142857142
ADFW01000001.1||5_partial_1	Unclassified	1	98.20517647058824	17	0.40476190476190477
ADFW01000001.1||5_partial_1	Podoviridae	1	88.525	1	0.023809523809523808
ADFW01000001.1||6_partial_1	Myoviridae	1	84.23400000000001	2	0.05128205128205128
ADFW01000001.1||6_partial_1	Siphoviridae	1	84.564	1	0.02564102564102564
ADFW01000002.1||0_partial_1	Siphoviridae	5	98.05042857142857	18	0.2465753424657534
ADFW01000002.1||0_partial_1	Myoviridae	1	91.04	3	0.0410958904109589
ADFW01000002.1||0_partial_1	Unclassified	1	88.72125	4	0.0547945205479452
ADFW01000002.1||0_partial_1	Podoviridae	1	85.1225	2	0.0273972602739726
CP019651.1||0_partial_1	Herelleviridae	1	90.741	1	0.0125
CP019651.1||0_partial_1	Siphoviridae	5	91.41325	6	0.075
CP019651.1||0_partial_1	Myoviridae	2	95.094	6	0.075
CP019651.1||0_partial_1	Unclassified	1	87.48899999999999	5	0.0625
CP019651.1||0_partial_1	Podoviridae	1	90.4445	6	0.075
CP019651.1||1_partial_1	Siphoviridae	3	97.297	51	0.6071428571428571
CP019651.1||1_partial_1	Podoviridae	1	93.0515	4	0.047619047619047616
CP019651.1||2_partial_1	Myoviridae	1	89.23128571428572	7	0.08333333333333333
CP019651.1||2_partial_1	Siphoviridae	5	99.69122222222222	72	0.8571428571428571
CP019651.1||2_partial_1	Unclassified	1	89.69144444444444	9	0.10714285714285714
CP019651.1||2_partial_1	Podoviridae	1	88.5606	5	0.05952380952380952
CP019651.1||3_partial_1	Myoviridae	1	89.20366666666666	3	0.047619047619047616
CP019651.1||3_partial_1	Siphoviridae	4	98.81652631578947	19	0.30158730158730157
CP019651.1||3_partial_1	Unclassified	1	91.12375	8	0.12698412698412698
CP019651.1||3_partial_1	Podoviridae	1	90.8958	5	0.07936507936507936
CP019651.1||4_partial_1	Myoviridae	1	88.271	1	0.019230769230769232
CP019651.1||4_partial_1	Siphoviridae	5	96.9491875	16	0.3076923076923077
CP019651.1||4_partial_1	Unclassified	1	87.935	3	0.057692307692307696
CP019651.1||4_partial_1	Podoviridae	1	85.1225	2	0.038461538461538464
CP019651.1||5_partial_1	Myoviridae	1	84.23400000000001	2	0.06666666666666667
CP019651.1||5_partial_1	Siphoviridae	1	84.564	1	0.03333333333333333
CP019651.1||6_partial_1	Myoviridae	1	88.86025	4	0.19047619047619047
CP019651.1||6_partial_1	Siphoviridae	3	94.50466666666667	4	0.19047619047619047
CP019651.1||6_partial_1	Unclassified	1	87.22875	4	0.19047619047619047
CP019651.1||6_partial_1	Podoviridae	1	87.809	1	0.047619047619047616
CP019655.1||0_partial_1	Myoviridae	1	92.285	3	0.0379746835443038
CP019655.1||0_partial_1	Siphoviridae	3	89.92328571428571	7	0.08860759493670886
CP019655.1||0_partial_1	Unclassified	1	90.5196	5	0.06329113924050633
CP019655.1||0_partial_1	Podoviridae	1	94.86880000000001	5	0.06329113924050633
CP019655.1||0_partial_2	Myoviridae	1	88.92613513513514	37	0.2483221476510067
CP019655.1||0_partial_2	Siphoviridae	3	91.68477777777778	22	0.1476510067114094
CP019655.1||0_partial_2	Unclassified	1	93.01139215686274	51	0.3422818791946309
CP019655.1||0_partial_2	Podoviridae	1	90.01966666666667	3	0.020134228187919462
CP019655.1||0_partial_3	Myoviridae	1	91.03399999999999	2	0.03389830508474576
CP019655.1||0_partial_3	Siphoviridae	3	93.486	21	0.3559322033898305
CP019655.1||0_partial_3	Unclassified	1	87.51275	4	0.06779661016949153
CP019655.1||0_partial_3	Podoviridae	1	88.191	1	0.01694915254237288
CP019655.1||1_partial_1	Siphoviridae	4	88.95885714285714	7	0.08139534883720931
CP019655.1||1_partial_1	Myoviridae	1	92.4395	4	0.046511627906976744
CP019655.1||1_partial_1	Unclassified	1	88.40375	4	0.046511627906976744
CP019655.1||1_partial_1	Podoviridae	1	91.648	4	0.046511627906976744
CP019655.1||2_partial_1	Siphoviridae	3	96.244	60	0.6976744186046512
CP019655.1||2_partial_1	Unclassified	1	96.739	1	0.011627906976744186
CP019655.1||2_partial_1	Podoviridae	1	87.6035	2	0.023255813953488372
CP019655.1||3_partial_1	Myoviridae	1	90.22785714285715	7	0.10144927536231885
CP019655.1||3_partial_1	Siphoviridae	3	88.951	11	0.15942028985507245
CP019655.1||3_partial_1	Unclassified	1	90.39783333333334	6	0.08695652173913043
CP019655.1||3_partial_1	Podoviridae	1	88.855	1	0.014492753623188406
CP019655.1||4_partial_1	Siphoviridae	4	93.15433333333333	3	0.10344827586206896
CP019655.1||4_partial_1	Myoviridae	1	93.1084	5	0.1724137931034483
CP019655.1||4_partial_1	Unclassified	1	90.18933333333334	3	0.10344827586206896
CP019655.1||4_partial_1	Podoviridae	1	86.747	1	0.034482758620689655
CP019659.1||0_partial_1	Siphoviridae	4	89.50399999999999	13	0.18571428571428572
CP019659.1||0_partial_1	Myoviridae	1	89.658	11	0.15714285714285714
CP019659.1||0_partial_1	Unclassified	1	89.96322222222223	9	0.12857142857142856
CP019659.1||0_partial_1	Podoviridae	1	88.35249999999999	2	0.02857142857142857
CP019659.1||1_partial_1	Siphoviridae	3	96.244	60	0.6976744186046512
CP019659.1||1_partial_1	Unclassified	1	96.739	1	0.011627906976744186
CP019659.1||1_partial_1	Podoviridae	1	87.6035	2	0.023255813953488372
CP019659.1||2_partial_1	Myoviridae	1	88.755875	32	0.45714285714285713
CP019659.1||2_partial_1	Siphoviridae	3	91.63975	16	0.22857142857142856
CP019659.1||2_partial_1	Unclassified	1	93.17791666666666	48	0.6857142857142857
CP019659.1||2_partial_1	Podoviridae	1	88.12	1	0.014285714285714285
CP019659.1||3_partial_1	Myoviridae	1	91.03399999999999	2	0.034482758620689655
CP019659.1||3_partial_1	Siphoviridae	3	93.486	21	0.3620689655172414
CP019659.1||3_partial_1	Unclassified	1	87.51275	4	0.06896551724137931
CP019659.1||3_partial_1	Podoviridae	1	88.191	1	0.017241379310344827
CP019659.1||4_partial_1	Siphoviridae	4	93.15433333333333	3	0.1
CP019659.1||4_partial_1	Myoviridae	1	93.1084	5	0.16666666666666666
CP019659.1||4_partial_1	Unclassified	1	90.18933333333334	3	0.1
CP019659.1||4_partial_1	Podoviridae	1	86.747	1	0.03333333333333333
CP019717.1||0_partial_1	Myoviridae	2	96.46283333333334	6	0.08108108108108109
CP019717.1||0_partial_1	Siphoviridae	3	90.8004375	17	0.22972972972972974
CP019717.1||0_partial_1	Unclassified	1	93.30775	4	0.05405405405405406
CP019717.1||0_partial_1	Podoviridae	1	89.94200000000001	2	0.02702702702702703
CP019717.1||0_partial_2	Herelleviridae	1	90.741	1	0.00558659217877095
CP019717.1||0_partial_2	Siphoviridae	4	90.33023529411764	51	0.2849162011173184
CP019717.1||0_partial_2	Myoviridae	1	95.61577777777778	9	0.05027932960893855
CP019717.1||0_partial_2	Unclassified	1	93.242	4	0.0223463687150838
CP019717.1||0_partial_2	Podoviridae	1	95.64766666666667	6	0.0335195530726257
CP019717.1||0_partial_3	Herelleviridae	1	90.741	1	0.015625
CP019717.1||0_partial_3	Myoviridae	1	88.14316666666667	6	0.09375
CP019717.1||0_partial_3	Siphoviridae	4	90.5695	6	0.09375
CP019717.1||0_partial_3	Unclassified	1	90.48375	4	0.0625
CP019717.1||0_partial_3	Podoviridae	1	96.06366666666666	3	0.046875
CP019717.1||1_partial_1	Siphoviridae	3	97.297	53	0.5955056179775281
CP019717.1||1_partial_1	Podoviridae	1	94.36866666666667	3	0.033707865168539325
CP019717.1||1_partial_2	Herelleviridae	1	90.741	1	0.014492753623188406
CP019717.1||1_partial_2	Siphoviridae	4	90.86525	4	0.057971014492753624
CP019717.1||1_partial_2	Myoviridae	2	95.9618	5	0.07246376811594203
CP019717.1||1_partial_2	Unclassified	1	89.09733333333334	3	0.043478260869565216
CP019717.1||1_partial_2	Podoviridae	1	96.4255	4	0.057971014492753624
CP019717.1||2_partial_1	Myoviridae	1	100.0	56	0.9032258064516129
CP019717.1||2_partial_1	Siphoviridae	3	90.8064	15	0.24193548387096775
CP019717.1||2_partial_1	Unclassified	1	87.4264375	32	0.5161290322580645
CP019717.1||2_partial_1	Podoviridae	1	92.27250000000001	2	0.03225806451612903
CP019717.1||3_partial_1	Siphoviridae	4	92.57925	9	0.125
CP019717.1||3_partial_1	Myoviridae	1	93.1882	5	0.06944444444444445
CP019717.1||3_partial_1	Unclassified	1	89.264	7	0.09722222222222222
CP019717.1||3_partial_1	Podoviridae	1	92.58766666666666	3	0.041666666666666664
CP019717.1||4_partial_1	Siphoviridae	4	92.61699999999999	5	0.06944444444444445
CP019717.1||4_partial_1	Myoviridae	2	91.83879999999999	5	0.06944444444444445
CP019717.1||4_partial_1	Unclassified	1	89.11242857142857	7	0.09722222222222222
CP019717.1||4_partial_1	Podoviridae	1	92.88033333333334	3	0.041666666666666664
CP019717.1||5_partial_1	Myoviridae	1	83.85900000000001	2	0.06451612903225806
CP019717.1||5_partial_1	Siphoviridae	1	84.564	1	0.03225806451612903
CP019717.1||6_partial_1	Siphoviridae	1	90.07457142857143	21	0.7241379310344828
LAWY01000028.1||0_partial_1	Myoviridae	1	88.86025	4	0.26666666666666666
LAWY01000028.1||0_partial_1	Siphoviridae	3	91.798	3	0.2
LAWY01000028.1||0_partial_1	Unclassified	1	88.71433333333333	3	0.2
LAWY01000028.1||0_partial_1	Podoviridae	1	87.809	1	0.06666666666666667
CP020557.1||0_partial_1	Myoviridae	1	91.8186	5	0.052083333333333336
CP020557.1||0_partial_1	Siphoviridae	4	90.38900000000001	8	0.08333333333333333
CP020557.1||0_partial_1	Unclassified	1	88.93516666666667	6	0.0625
CP020557.1||0_partial_1	Podoviridae	1	90.4155	6	0.0625
CP020557.1||1_partial_1	Siphoviridae	5	91.09966666666666	15	0.16304347826086957
CP020557.1||1_partial_1	Myoviridae	1	90.2922	5	0.05434782608695652
CP020557.1||1_partial_1	Unclassified	1	92.208	6	0.06521739130434782
CP020557.1||1_partial_1	Podoviridae	1	89.0326	5	0.05434782608695652
CP020557.1||2_partial_1	Myoviridae	1	86.198	3	0.0375
CP020557.1||2_partial_1	Siphoviridae	3	92.6654358974359	39	0.4875
CP020557.1||2_partial_1	Unclassified	1	87.51633333333334	6	0.075
CP020557.1||2_partial_1	Podoviridae	1	91.942	3	0.0375
CP020557.1||3_partial_1	Siphoviridae	4	91.40677777777778	9	0.08181818181818182
CP020557.1||3_partial_1	Myoviridae	1	90.89320000000001	5	0.045454545454545456
CP020557.1||3_partial_1	Unclassified	1	92.63163636363636	11	0.1
CP020557.1||3_partial_1	Podoviridae	1	88.8616	5	0.045454545454545456
CP020557.1||4_partial_1	Myoviridae	1	92.72975	4	0.0449438202247191
CP020557.1||4_partial_1	Siphoviridae	4	91.97028571428571	7	0.07865168539325842
CP020557.1||4_partial_1	Unclassified	1	89.94816666666667	6	0.06741573033707865
CP020557.1||4_partial_1	Podoviridae	1	88.91799999999999	4	0.0449438202247191
CP020557.1||5_partial_1	Siphoviridae	2	90.57703703703704	27	0.574468085106383
CP020557.1||5_partial_1	Unclassified	1	88.599	1	0.02127659574468085
CP020557.1||6_partial_1	Myoviridae	1	92.0502	5	0.1724137931034483
CP020557.1||6_partial_1	Siphoviridae	3	92.129	3	0.10344827586206896
CP020557.1||6_partial_1	Unclassified	1	90.599	3	0.10344827586206896
CP020557.1||6_partial_1	Podoviridae	1	86.446	1	0.034482758620689655
CP020557.1||7_partial_1	Siphoviridae	1	90.90926086956522	23	0.6388888888888888
MDVH01000027.1||0_partial_1	Myoviridae	1	96.97	1	0.037037037037037035
MDVI01000031.1||0_partial_1	Myoviridae	1	96.97	1	0.037037037037037035
MDUY01000052.1||0_partial_1	Myoviridae	1	96.97	1	0.038461538461538464
MDVJ01000001.1||0_partial_1	Myoviridae	1	96.97	1	0.05
MEIQ01000033.1||0_partial_1	Myoviridae	1	96.875	1	0.023809523809523808
MEIP01000010.1||0_partial_1	Myoviridae	1	96.875	1	0.037037037037037035
MDVA01000035.1||0_partial_1	Myoviridae	1	96.875	1	0.038461538461538464
JFZW01000006.1||0_partial_1	Myoviridae	1	96.97	1	0.03571428571428571
CP007446.1||0_partial_1	Myoviridae	1	84.127	1	0.016666666666666666
JFZV01000005.1||0_partial_1	Myoviridae	1	96.97	1	0.038461538461538464
MEIN01000006.1||0_partial_1	Myoviridae	1	84.127	1	0.017241379310344827
QUBO01000010.1||full	Siphoviridae	1	91.045	1	0.016129032258064516
JAAEEB010000013.1||full	Siphoviridae	2	100.0	1	0.018518518518518517
CP019718.1||full	Myoviridae	1	93.479	2	0.0273972602739726
CP019718.1||full	Siphoviridae	4	89.494	6	0.0821917808219178
CP019718.1||full	Unclassified	1	89.879	1	0.0136986301369863
CP019718.1||full	Podoviridae	1	98.9147205882353	68	0.9315068493150684
MZNE01000097.1||full	Myoviridae	1	75.105	1	0.1111111111111111
NARP01000053.1||full	Myoviridae	1	75.105	1	0.045454545454545456
NARQ01000065.1||full	Myoviridae	2	80.822	1	0.5
NART01000106.1||full	Myoviridae	1	75.105	1	0.1111111111111111
NART01000114.1||full	Podoviridae	1	73.845	1	0.3333333333333333
NART01000114.1||full	Myoviridae	1	77.957	1	0.3333333333333333
MZNH01000240.1||full	Myoviridae	1	75.625	1	0.5
NARX01000138.1||full	Myoviridae	2	80.822	1	0.3333333333333333
NARU01000012.1||full	Myoviridae	2	73.03	1	0.02564102564102564
NARU01000137.1||full	Myoviridae	1	75.105	1	0.1
NARU01000199.1||full	Podoviridae	1	73.845	1	0.5
NARU01000199.1||full	Myoviridae	1	77.957	1	0.5
LZGR01000021.1||full	Myoviridae	4	93.333	1	0.0625
LZGZ01000150.1||full	Myoviridae	1	86.364	1	0.05
NASB01000047.1||full	Myoviridae	1	75.105	1	0.043478260869565216
NASC01000176.1||full	Podoviridae	1	74.03	1	0.5
NASC01000176.1||full	Myoviridae	1	77.778	1	0.5
LZHN01000010.1||full	Myoviridae	4	100.0	1	0.02040816326530612
LZGJ01000046.1||full	Myoviridae	4	100.0	1	0.023809523809523808
JAIM01000059.1||full	Myoviridae	4	79.452	1	0.25
JPUI01000041.1||full	Siphoviridae	1	92.537	1	0.014285714285714285
AZDD01000030.1||full	Siphoviridae	1	91.542	1	0.045454545454545456
AZDD01000033.1||full	Siphoviridae	1	100.0	20	0.9523809523809523
AZDD01000050.1||full	Siphoviridae	1	99.00473333333333	15	0.6
AZDD01000059.1||full	Siphoviridae	3	91.031	1	0.125
AZDD01000065.1||full	Siphoviridae	1	100.0	4	1.0
AZDD01000074.1||full	Siphoviridae	1	91.3335	2	0.6666666666666666
CP006014.1||full	Siphoviridae	1	91.70125	4	0.07692307692307693
CM003359.1||full	Siphoviridae	2	84.106	1	0.014285714285714285
ADZY03000321.1||full	Myoviridae	1	83.429	1	0.041666666666666664
ADZY03000321.1||full	Siphoviridae	1	84.564	1	0.041666666666666664
ADZY03000153.1||full	Siphoviridae	1	94.94466666666666	3	0.1
ADZY03000238.1||full	Siphoviridae	1	94.486	1	0.25
ADZY03000238.1||full	Unclassified	1	88.586	1	0.25
ADZY03000271.1||full	Myoviridae	1	89.80225	4	1.0
ADZY03000271.1||full	Unclassified	1	87.85375	4	1.0
ADZY03000271.1||full	Siphoviridae	1	92.5405	4	1.0
ADZY03000103.1||full	Siphoviridae	2	99.911	3	0.75
ADZY03000185.1||full	Siphoviridae	2	98.39866666666667	3	0.75
ADZY03000209.1||full	Siphoviridae	3	99.41475	4	1.0
ADZY03000210.1||full	Myoviridae	1	93.151	3	0.75
ADZY03000210.1||full	Unclassified	1	86.74775	4	1.0
ADZY03000210.1||full	Siphoviridae	1	99.84125	4	1.0
ADZY03000330.1||full	Siphoviridae	2	94.466	2	0.5
ADZY03000330.1||full	Myoviridae	1	78.781	1	0.25
ADZY03000330.1||full	Unclassified	1	89.804	1	0.25
ADZY03000242.1||full	Myoviridae	1	97.368	1	0.2
ADZY03000242.1||full	Unclassified	1	94.386	3	0.6
ADZY03000242.1||full	Siphoviridae	2	95.876	1	0.2
ADZY03000028.1||full	Siphoviridae	1	85.859	1	0.25
ADZY03000245.1||full	Myoviridae	1	89.593	1	0.3333333333333333
ADZY03000245.1||full	Siphoviridae	3	90.638	2	0.6666666666666666
ADZY03000245.1||full	Unclassified	1	84.232	1	0.3333333333333333
ADZY03000104.1||full	Siphoviridae	2	99.6596	5	1.0
ADZY03000104.1||full	Unclassified	1	84.354	1	0.2
ADZY03000008.1||full	Siphoviridae	3	95.58016666666667	6	0.3157894736842105
ADZY03000041.1||full	Siphoviridae	4	100.0	21	0.5833333333333334
ADZY03000041.1||full	Podoviridae	1	93.617	1	0.027777777777777776
ADZY03000272.1||full	Unclassified	1	94.322	2	0.2857142857142857
ADZY03000272.1||full	Siphoviridae	2	95.98150000000001	2	0.2857142857142857
ADZY03000335.1||full	Myoviridae	1	83.265	1	0.125
ADZY03000335.1||full	Siphoviridae	2	100.0	7	0.875
ADZY03000335.1||full	Unclassified	1	88.288	1	0.125
ADZY03000335.1||full	Podoviridae	1	74.02	1	0.125
ADZY03000284.1||full	Siphoviridae	1	89.076	1	0.2
ADZY03000284.1||full	Myoviridae	1	77.273	1	0.2
ADZY03000328.1||full	Siphoviridae	3	99.717	4	1.0
ADZY03000110.1||full	Siphoviridae	3	99.47225	20	0.4878048780487805
ADZY03000110.1||full	Unclassified	1	87.67366666666666	3	0.07317073170731707
ADZY03000110.1||full	Podoviridae	1	96.21424999999999	4	0.0975609756097561
ADZY03000182.1||full	Siphoviridae	2	99.49325	8	1.0
ADZY03000143.1||full	Siphoviridae	2	90.123	2	0.2222222222222222
ADZY03000143.1||full	Unclassified	1	86.6175	2	0.2222222222222222
ADZY03000097.1||full	Siphoviridae	3	99.91481818181818	11	0.9166666666666666
ADZY03000046.1||full	Myoviridae	1	88.4008	5	0.8333333333333334
ADZY03000046.1||full	Unclassified	1	84.44416666666666	6	1.0
ADZY03000046.1||full	Siphoviridae	1	93.7428	5	0.8333333333333334
ADZY03000221.1||full	Siphoviridae	1	90.566	1	0.14285714285714285
ADZY03000221.1||full	Myoviridae	1	84.821	1	0.14285714285714285
ADZY03000221.1||full	Unclassified	1	86.792	1	0.14285714285714285
ADZY03000221.1||full	Podoviridae	1	91.2815	2	0.2857142857142857
ADZY03000111.1||full	Siphoviridae	2	90.535	1	0.16666666666666666
ADZY03000111.1||full	Unclassified	1	84.711	1	0.16666666666666666
ADZY03000111.1||full	Podoviridae	1	90.20500000000001	2	0.3333333333333333
ADZY03000040.1||full	Siphoviridae	2	99.76033333333334	4	1.0
ADZY03000216.1||full	Siphoviridae	3	99.8263	10	1.0
ADZY03000159.1||full	Myoviridae	1	90.67333333333333	3	0.42857142857142855
ADZY03000159.1||full	Unclassified	1	89.20750000000001	4	0.5714285714285714
ADZY03000159.1||full	Siphoviridae	1	98.81883333333333	6	0.8571428571428571
ADZY03000320.1||full	Myoviridae	1	92.1215	2	0.2222222222222222
ADZY03000320.1||full	Siphoviridae	3	100.0	3	0.3333333333333333
ADZY03000320.1||full	Unclassified	1	93.6742	5	0.5555555555555556
ADZY03000226.1||full	Siphoviridae	1	98.507	1	0.08333333333333333
ADZY03000294.1||full	Myoviridae	1	90.74573913043479	23	0.7419354838709677
ADZY03000294.1||full	Siphoviridae	3	95.5042	5	0.16129032258064516
ADZY03000294.1||full	Unclassified	1	86.1867	20	0.6451612903225806
ADZY03000294.1||full	Podoviridae	1	89.418	1	0.03225806451612903
ADZY03000135.1||full	Myoviridae	1	92.3965	4	0.6666666666666666
ADZY03000135.1||full	Unclassified	1	92.18900000000001	6	1.0
ADZY03000135.1||full	Siphoviridae	1	96.3966	5	0.8333333333333334
ADZY03000352.1||full	Myoviridae	1	87.383	5	0.35714285714285715
ADZY03000352.1||full	Unclassified	1	86.06366666666666	3	0.21428571428571427
ADZY03000352.1||full	Siphoviridae	1	88.85766666666667	9	0.6428571428571429
ADZY03000352.1||full	Podoviridae	1	97.814	1	0.07142857142857142
ADZY03000243.1||full	Myoviridae	1	90.85900000000001	4	0.5714285714285714
ADZY03000243.1||full	Unclassified	1	91.104	4	0.5714285714285714
ADZY03000243.1||full	Siphoviridae	1	99.84528571428571	7	1.0
ADZY03000119.1||full	Siphoviridae	4	92.9412	5	0.17857142857142858
ADZY03000119.1||full	Myoviridae	1	89.64	1	0.03571428571428571
ADZY03000119.1||full	Unclassified	1	92.019	2	0.07142857142857142
ADZY03000119.1||full	Podoviridae	1	86.968	2	0.07142857142857142
ADZY03000130.1||full	Myoviridae	1	95.455	1	0.2
ADZY03000130.1||full	Unclassified	1	96.18433333333333	3	0.6
ADZY03000130.1||full	Siphoviridae	1	84.028	1	0.2
ADZY03000162.1||full	Siphoviridae	1	80.303	1	0.03125
ADZY03000162.1||full	Podoviridae	1	100.0	1	0.03125
ADZY03000162.1||full	Herelleviridae	1	90.741	1	0.03125
ADZY03000332.1||full	Unclassified	1	86.093	1	0.09090909090909091
ADZY03000332.1||full	Podoviridae	1	82.812	1	0.09090909090909091
ADZY03000285.1||full	Siphoviridae	4	91.262	1	0.05263157894736842
ADZY03000285.1||full	Unclassified	1	93.258	1	0.05263157894736842
ADZY03000285.1||full	Podoviridae	1	97.414	1	0.05263157894736842
ADZY03000229.1||full	Siphoviridae	1	90.28083333333333	6	0.46153846153846156
ADZY03000229.1||full	Podoviridae	1	83.854	1	0.07692307692307693
ADZY03000262.1||full	Siphoviridae	2	99.881	5	1.0
ADZY03000212.1||full	Siphoviridae	2	99.97733333333333	3	1.0
ADZY03000150.1||full	Siphoviridae	2	96.47666666666667	6	0.6666666666666666
ADZY03000347.1||full	Siphoviridae	1	98.965	1	0.3333333333333333
CH981519.1||full	Siphoviridae	2	97.297	12	0.7058823529411765
CH981511.1||full	Siphoviridae	1	92.30716666666666	12	0.75
CH981502.1||full	Siphoviridae	1	91.70327777777777	18	0.72
CH981477.1||full	Podoviridae	1	90.857	1	0.16666666666666666
CH981477.1||full	Siphoviridae	2	99.173	6	1.0
CH981467.1||full	Siphoviridae	4	96.16733333333333	11	0.28205128205128205
CH981467.1||full	Unclassified	1	82.994	2	0.05128205128205128
CH981467.1||full	Podoviridae	1	91.0776	5	0.1282051282051282
CH981455.1||full	Siphoviridae	3	93.78125	4	0.23529411764705882
CH981432.1||full	Siphoviridae	4	99.95819047619048	21	1.0
CH981409.1||full	Myoviridae	1	86.49199999999999	2	0.07692307692307693
CH981409.1||full	Siphoviridae	3	91.7508	12	0.46153846153846156
CH981409.1||full	Unclassified	1	87.832	3	0.11538461538461539
CH981409.1||full	Podoviridae	1	87.556	1	0.038461538461538464
CH981397.1||full	Siphoviridae	1	91.47884615384615	13	0.7647058823529411
CH981397.1||full	Podoviridae	1	92.863	3	0.17647058823529413
CH981396.1||full	Myoviridae	1	92.05463636363636	22	0.55
CH981396.1||full	Siphoviridae	2	97.16550000000001	25	0.625
CH981396.1||full	Unclassified	1	92.00715384615384	26	0.65
CH981396.1||full	Podoviridae	1	87.147	1	0.025
CH981387.1||full	Siphoviridae	1	98.438	1	0.014925373134328358
AARF01000468.1||full	Unclassified	1	100.0	2	1.0
AARF01000463.1||full	Siphoviridae	1	83.644	1	0.3333333333333333
AARF01000400.1||full	Siphoviridae	2	99.20125	4	1.0
AARF01000349.1||full	Myoviridae	1	88.33266666666667	3	0.3333333333333333
AARF01000349.1||full	Siphoviridae	3	100.0	9	1.0
AARF01000349.1||full	Unclassified	1	89.9725	2	0.2222222222222222
AARF01000349.1||full	Podoviridae	1	81.5865	2	0.2222222222222222
AARF01000247.1||full	Siphoviridae	2	91.1734	5	0.4166666666666667
AARF01000123.1||full	Siphoviridae	2	100.0	16	0.64
AARF01000123.1||full	Podoviridae	1	94.6088	5	0.2
AARF01000119.1||full	Myoviridae	2	95.08116666666666	6	0.16666666666666666
AARF01000119.1||full	Siphoviridae	3	91.46366666666667	3	0.08333333333333333
AARF01000119.1||full	Unclassified	1	87.59033333333333	3	0.08333333333333333
AARF01000119.1||full	Podoviridae	1	86.31325	4	0.1111111111111111
AARF01000085.1||full	Myoviridae	1	90.7252	5	0.45454545454545453
AARF01000085.1||full	Unclassified	1	88.74442857142857	7	0.6363636363636364
AARF01000085.1||full	Siphoviridae	1	96.1230909090909	11	1.0
AARF01000042.1||full	Myoviridae	1	90.49875	4	1.0
AARF01000042.1||full	Unclassified	1	92.78999999999999	3	0.75
AARF01000042.1||full	Siphoviridae	1	98.61449999999999	4	1.0
AARF01000040.1||full	Siphoviridae	2	99.6	7	1.0
AARF01000040.1||full	Unclassified	1	93.66933333333333	3	0.42857142857142855
AARF01000032.1||full	Unclassified	1	98.161	1	0.3333333333333333
AARF01000029.1||full	Myoviridae	1	87.324	1	0.25
AARF01000029.1||full	Siphoviridae	3	99.1665	2	0.5
AARF01000029.1||full	Unclassified	1	87.19	1	0.25
AARF01000014.1||full	Siphoviridae	1	93.76	2	0.6666666666666666
ADFW01000005.1||full	Myoviridae	1	91.57463636363636	11	0.4782608695652174
ADFW01000005.1||full	Unclassified	1	89.56142857142856	14	0.6086956521739131
ADFW01000005.1||full	Siphoviridae	2	97.17513636363637	22	0.9565217391304348
ADFW01000006.1||full	Myoviridae	1	91.20733333333334	6	0.3157894736842105
ADFW01000006.1||full	Unclassified	1	92.59377777777777	9	0.47368421052631576
ADFW01000006.1||full	Siphoviridae	1	91.84216666666667	6	0.3157894736842105
ADFW01000007.1||full	Myoviridae	1	89.20366666666666	3	0.2727272727272727
ADFW01000007.1||full	Siphoviridae	3	96.3405	5	0.45454545454545453
ADFW01000007.1||full	Unclassified	1	90.62233333333333	3	0.2727272727272727
ADFW01000007.1||full	Podoviridae	1	94.53899999999999	2	0.18181818181818182
CP019656.1||full	Herelleviridae	1	80.672	1	0.008403361344537815
CP019656.1||full	Siphoviridae	1	99.0195	4	0.03361344537815126
CP019656.1||full	Podoviridae	1	93.31649999999999	2	0.01680672268907563
LAWY01000063.1||full	Myoviridae	1	90.69308333333333	12	0.4444444444444444
LAWY01000063.1||full	Siphoviridae	2	95.8298	15	0.5555555555555556
LAWY01000063.1||full	Unclassified	1	90.67526666666667	15	0.5555555555555556
LAWY01000065.1||full	Myoviridae	1	92.593	1	0.058823529411764705
LAWY01000065.1||full	Siphoviridae	3	99.987375	16	0.9411764705882353
LAWY01000065.1||full	Unclassified	1	91.852	1	0.058823529411764705
LAWY01000067.1||full	Myoviridae	1	88.348	1	0.05263157894736842
LAWY01000067.1||full	Siphoviridae	3	89.57085714285714	7	0.3684210526315789
LAWY01000067.1||full	Unclassified	1	86.29366666666667	3	0.15789473684210525
LAWY01000067.1||full	Podoviridae	1	87.202	1	0.05263157894736842
LAWY01000071.1||full	Siphoviridae	3	91.40221428571428	14	0.7
LAWY01000071.1||full	Myoviridae	1	88.313	12	0.6
LAWY01000071.1||full	Unclassified	1	91.59581250000001	16	0.8
LAWY01000073.1||full	Myoviridae	1	88.6984	5	0.2631578947368421
LAWY01000073.1||full	Siphoviridae	3	98.6918	10	0.5263157894736842
LAWY01000073.1||full	Unclassified	1	89.4705	4	0.21052631578947367
LAWY01000073.1||full	Podoviridae	1	83.601	3	0.15789473684210525
LAWY01000075.1||full	Myoviridae	1	90.0	1	0.07692307692307693
LAWY01000075.1||full	Siphoviridae	3	97.61449999999999	12	0.9230769230769231
LAWY01000075.1||full	Unclassified	1	87.96233333333333	3	0.23076923076923078
LAWY01000075.1||full	Podoviridae	1	88.955	1	0.07692307692307693
LAWY01000081.1||full	Siphoviridae	2	94.86633333333333	3	0.23076923076923078
LAWY01000081.1||full	Unclassified	1	93.11366666666666	3	0.23076923076923078
LAWY01000084.1||full	Siphoviridae	2	95.29855555555555	9	1.0
LAWY01000089.1||full	Siphoviridae	3	91.19566666666667	3	0.2727272727272727
LAWY01000089.1||full	Myoviridae	1	96.992	1	0.09090909090909091
LAWY01000091.1||full	Siphoviridae	2	96.788875	8	1.0
LAWY01000092.1||full	Myoviridae	1	88.548	3	0.375
LAWY01000092.1||full	Siphoviridae	3	90.535	3	0.375
LAWY01000092.1||full	Unclassified	1	90.09466666666667	3	0.375
LAWY01000092.1||full	Podoviridae	1	87.205	1	0.125
LAWY01000109.1||full	Siphoviridae	1	99.219	1	0.3333333333333333
LAWY01000112.1||full	Myoviridae	1	86.047	1	0.3333333333333333
LAWY01000112.1||full	Siphoviridae	2	96.819	1	0.3333333333333333
CP020558.1||full	Siphoviridae	4	91.146	6	0.03409090909090909
CP020558.1||full	Myoviridae	1	90.24100000000001	2	0.011363636363636364
CP020558.1||full	Unclassified	1	90.8085	4	0.022727272727272728
CP020558.1||full	Podoviridae	1	93.01171428571429	7	0.03977272727272727
MEIO01000031.1||full	Siphoviridae	1	97.222	1	0.018867924528301886
CP007287.1||1_partial	Siphoviridae	1	90.123	1	0.058823529411764705
QGLI01000005.1||0_partial	Siphoviridae	1	90.37	1	0.07692307692307693
JAIN01000001.1||0_partial	Myoviridae	4	100.0	1	0.02857142857142857
CP035790.1||1_partial	Siphoviridae	3	98.48328571428571	14	0.2916666666666667
CP020328.1||0_partial	Siphoviridae	1	98.318	3	0.07317073170731707
CP020328.1||0_partial	Podoviridae	1	91.88550000000001	2	0.04878048780487805
CP019657.1||0_partial	Siphoviridae	1	98.2895	2	0.06666666666666667
CP019657.1||0_partial	Podoviridae	1	91.88550000000001	2	0.06666666666666667
CP019660.1||0_partial	Siphoviridae	1	98.2895	2	0.06666666666666667
CP019660.1||0_partial	Podoviridae	1	91.88550000000001	2	0.06666666666666667
CP020557.1||8_partial	Siphoviridae	2	89.4148947368421	19	0.5588235294117647
CP020557.1||9_partial	Siphoviridae	1	98.4285	2	0.06451612903225806
ADZY03000010.1||lt2gene	Siphoviridae	2	99.62700000000001	2	1.0
